timestamp,action,pair,price,ratio,quote_currency
2025-04-26 16:08:41,BUY,KRW-DOGE,262.0,0.07,KRW
2025-04-26 16:20:39,BUY,KRW-DOGE,262.0,0.07,KRW
2025-04-26 23:44:40,BUY,KRW-DOGE,262.0,0.07,KRW
2025-04-27 01:20:37,BUY,KRW-DOGE,262.0,0.07,KRW
2025-04-27 04:14:33,BUY,KRW-DOGE,259.0,0.1,KRW
2025-04-27 12:35:42,BUY,KRW-DOGE,259.0,0.1,KRW
2025-04-27 12:44:37,BUY,KRW-DOGE,259.0,0.1,KRW
2025-04-27 18:44:49,SELL,KRW-DOGE,262.0,30.0,KRW
2025-04-27 19:11:41,SELL,KRW-DOGE,262.0,30.0,KRW
2025-04-28 01:24:01,BUY,KRW-DOGE,253.0,0.15,KRW
2025-04-28 01:35:42,BUY,KRW-DOGE,252.0,0.17,KRW
2025-04-28 09:53:59,BUY,KRW-DOGE,261.0,0.07,KRW
2025-04-28 15:38:35,BUY,KRW-DOGE,252.0,0.17,KRW
2025-04-29 12:05:59,BUY,KRW-DOGE,257.0,0.11,KRW
2025-04-29 15:59:44,BUY,KRW-DOGE,256.0,0.12,KRW
2025-04-29 21:23:54,BUY,KRW-DOGE,252.0,0.17,KRW
2025-04-29 21:33:09,BUY,KRW-DOGE,252.0,0.17,KRW
2025-04-30 05:44:53,BUY,KRW-DOGE,252.0,0.17,KRW
2025-04-30 12:42:06,BUY,KRW-DOGE,248.0,0.21,KRW
2025-04-30 12:48:12,BUY,KRW-DOGE,247.0,0.22,KRW
2025-04-30 20:14:58,SELL,KRW-DOGE,252.0,28.7,KRW
2025-04-30 20:29:56,SELL,KRW-DOGE,252.0,28.7,KRW
2025-05-01 06:21:13,BUY,KRW-DOGE,252.0,0.17,KRW
2025-05-02 16:07:17,SELL,KRW-DOGE,262.0,29.7,KRW
2025-05-03 04:25:07,SELL,KRW-DOGE,258.0,29.3,KRW
2025-05-03 20:37:37,BUY,KRW-DOGE,253.0,0.15,KRW
2025-05-04 02:49:36,BUY,KRW-DOGE,252.0,0.17,KRW
2025-05-05 01:34:00,BUY,KRW-DOGE,242.0,0.27,KRW
2025-05-05 10:18:38,BUY,KRW-DOGE,244.0,0.25,KRW
2025-05-05 10:48:54,BUY,KRW-DOGE,242.0,0.27,KRW
2025-05-05 13:26:02,SELL,KRW-DOGE,243.0,27.8,KRW
2025-05-05 14:00:23,SELL,KRW-DOGE,243.0,27.8,KRW
2025-05-05 16:39:23,SELL,KRW-DOGE,243.0,27.8,KRW
2025-05-05 20:12:31,BUY,KRW-DOGE,241.0,0.28,KRW
2025-05-06 01:51:58,BUY,KRW-DOGE,241.0,0.28,KRW
2025-05-06 03:39:34,SELL,KRW-DOGE,242.0,27.7,KRW
2025-05-06 17:52:01,BUY,KRW-DOGE,238.0,0.3,KRW
2025-05-06 18:09:54,BUY,KRW-DOGE,237.0,0.32,KRW
2025-05-06 19:39:45,BUY,KRW-DOGE,239.0,0.3,KRW
2025-05-06 20:00:36,BUY,KRW-DOGE,239.0,0.3,KRW
2025-05-07 03:20:55,BUY,KRW-DOGE,241.0,0.28,KRW
2025-05-07 05:31:00,BUY,KRW-DOGE,244.0,0.25,KRW
2025-05-07 05:40:13,BUY,KRW-DOGE,243.0,0.26,KRW
2025-05-07 09:15:27,BUY,KRW-DOGE,245.0,0.24,KRW
2025-05-07 11:54:30,SELL,KRW-DOGE,246.0,28.1,KRW
2025-05-07 17:54:48,BUY,KRW-DOGE,242.0,0.26,KRW
2025-05-07 18:15:39,BUY,KRW-DOGE,241.0,0.28,KRW
2025-05-07 21:31:39,SELL,KRW-DOGE,245.0,28.0,KRW
2025-05-07 21:49:16,SELL,KRW-DOGE,245.0,28.0,KRW
2025-05-08 04:30:41,SELL,KRW-DOGE,257.0,28.1,KRW
2025-05-08 23:49:33,SELL,KRW-DOGE,278.0,30.2,KRW
2025-05-09 00:25:20,BUY,KRW-DOGE,273.0,0.01,KRW
2025-05-09 00:40:28,BUY,KRW-DOGE,273.0,0.01,KRW
2025-05-09 07:10:50,SELL,KRW-DOGE,280.0,30.4,KRW
2025-05-09 07:40:02,SELL,KRW-DOGE,289.0,31.3,KRW
2025-05-09 07:49:19,SELL,KRW-DOGE,292.0,31.6,KRW
2025-05-09 08:24:05,SELL,KRW-DOGE,294.0,31.8,KRW
2025-05-09 14:28:29,BUY,KRW-DOGE,285.0,0.01,KRW
2025-05-09 22:04:25,BUY,KRW-DOGE,286.0,0.01,KRW
2025-05-10 00:10:17,SELL,KRW-DOGE,290.0,31.4,KRW
2025-05-10 00:19:28,SELL,KRW-DOGE,291.0,31.5,KRW
2025-05-10 06:01:47,SELL,KRW-DOGE,304.0,32.8,KRW
2025-05-10 06:19:23,SELL,KRW-DOGE,307.0,33.1,KRW
2025-05-10 06:46:36,SELL,KRW-DOGE,310.0,33.4,KRW
2025-05-10 06:55:24,SELL,KRW-DOGE,313.0,33.7,KRW
2025-05-10 14:55:11,SELL,KRW-DOGE,319.0,34.3,KRW
2025-05-10 17:04:18,SELL,KRW-DOGE,326.0,35.0,KRW
2025-05-10 17:28:34,SELL,KRW-DOGE,329.0,35.3,KRW
2025-05-10 23:02:01,SELL,KRW-DOGE,343.0,36.7,KRW
2025-05-10 23:19:29,SELL,KRW-DOGE,346.0,36.2,KRW
2025-05-11 00:07:35,SELL,KRW-DOGE,356.0,37.1,KRW
2025-05-11 06:43:27,BUY,KRW-DOGE,326.0,0.01,KRW
2025-05-11 12:58:27,BUY,KRW-DOGE,328.0,0.01,KRW
2025-05-11 13:34:23,BUY,KRW-DOGE,323.0,0.06,KRW
2025-05-11 13:58:23,BUY,KRW-DOGE,320.0,0.09,KRW
2025-05-11 15:55:20,BUY,KRW-DOGE,318.0,0.1,KRW
2025-05-11 16:10:26,BUY,KRW-DOGE,312.0,0.17,KRW
2025-05-12 00:34:25,SELL,KRW-DOGE,331.0,33.9,KRW
2025-05-12 01:10:28,SELL,KRW-DOGE,334.0,34.2,KRW
2025-05-12 07:04:29,SELL,KRW-DOGE,342.0,35.0,KRW
2025-05-12 07:16:40,SELL,KRW-DOGE,348.0,35.6,KRW
2025-05-13 03:24:42,BUY,KRW-DOGE,312.0,0.16,KRW
2025-05-13 03:30:29,BUY,KRW-DOGE,309.0,0.19,KRW
2025-05-13 03:36:37,BUY,KRW-DOGE,310.0,0.18,KRW
2025-05-13 03:51:29,BUY,KRW-DOGE,308.0,0.2,KRW
2025-05-13 05:47:40,BUY,KRW-DOGE,314.0,0.14,KRW
2025-05-13 06:32:43,BUY,KRW-DOGE,316.0,0.12,KRW
2025-05-13 06:41:23,BUY,KRW-DOGE,316.0,0.12,KRW
2025-05-13 07:44:18,BUY,KRW-DOGE,316.0,0.12,KRW
2025-05-13 08:03:33,BUY,KRW-DOGE,318.0,0.1,KRW
2025-05-13 08:23:46,BUY,KRW-DOGE,317.0,0.11,KRW
2025-05-13 08:35:18,BUY,KRW-DOGE,316.0,0.12,KRW
2025-05-13 08:44:19,BUY,KRW-DOGE,317.0,0.11,KRW
2025-05-13 08:56:44,BUY,KRW-DOGE,316.0,0.12,KRW
2025-05-13 09:17:52,BUY,KRW-DOGE,319.0,0.1,KRW
2025-05-13 09:32:49,BUY,KRW-DOGE,321.0,0.07,KRW
2025-05-13 09:50:34,SELL,KRW-DOGE,322.0,8.12,KRW
2025-05-13 11:44:39,SELL,KRW-DOGE,325.0,8.43,KRW
2025-05-13 12:35:40,SELL,KRW-DOGE,325.0,8.43,KRW
2025-05-13 13:29:37,SELL,KRW-DOGE,325.0,8.43,KRW
2025-05-13 14:14:38,BUY,KRW-DOGE,319.0,0.09,KRW
2025-05-13 14:50:31,BUY,KRW-DOGE,317.0,0.11,KRW
2025-05-13 16:11:36,SELL,KRW-DOGE,334.0,9.32,KRW
2025-05-13 16:20:29,SELL,KRW-DOGE,337.0,9.62,KRW
2025-05-13 19:59:18,BUY,KRW-DOGE,334.0,0.01,KRW
2025-05-13 23:56:41,SELL,KRW-DOGE,339.0,9.83,KRW
2025-05-14 00:29:24,BUY,KRW-DOGE,335.0,0.01,KRW
2025-05-14 00:35:37,SELL,KRW-DOGE,338.0,9.72,KRW
2025-05-14 01:05:28,BUY,KRW-DOGE,335.0,0.01,KRW
2025-05-14 01:35:28,SELL,KRW-DOGE,341.0,10.03,KRW
2025-05-14 01:50:27,BUY,KRW-DOGE,336.0,0.01,KRW
2025-05-14 01:59:25,BUY,KRW-DOGE,335.0,0.02,KRW
2025-05-14 02:05:25,BUY,KRW-DOGE,333.0,0.04,KRW
2025-05-14 03:03:27,BUY,KRW-DOGE,336.0,0.01,KRW
2025-05-14 03:29:29,BUY,KRW-DOGE,332.0,0.05,KRW
2025-05-14 03:50:30,SELL,KRW-DOGE,337.0,9.62,KRW
2025-05-14 04:41:43,SELL,KRW-DOGE,340.0,9.93,KRW
2025-05-14 05:05:33,SELL,KRW-DOGE,343.0,10.23,KRW
2025-05-14 05:41:40,SELL,KRW-DOGE,342.0,9.83,KRW
2025-05-14 05:47:47,SELL,KRW-DOGE,343.0,9.93,KRW
2025-05-14 06:05:39,SELL,KRW-DOGE,346.0,6.93,KRW
2025-05-14 06:50:35,BUY,KRW-DOGE,340.0,0.01,KRW
2025-05-14 07:20:37,BUY,KRW-DOGE,336.0,0.05,KRW
2025-05-14 07:29:38,BUY,KRW-DOGE,335.0,0.06,KRW
2025-05-14 07:59:35,BUY,KRW-DOGE,334.0,0.07,KRW
2025-05-14 08:11:51,BUY,KRW-DOGE,331.0,0.1,KRW
2025-05-14 08:35:40,BUY,KRW-DOGE,331.0,0.1,KRW
2025-05-14 08:41:39,BUY,KRW-DOGE,332.0,0.09,KRW
2025-05-14 09:05:37,BUY,KRW-DOGE,327.0,0.14,KRW
2025-05-14 09:44:40,BUY,KRW-DOGE,328.0,0.13,KRW
2025-05-14 09:50:43,BUY,KRW-DOGE,328.0,0.13,KRW
2025-05-14 10:03:29,BUY,KRW-DOGE,330.0,0.11,KRW
2025-05-14 10:20:40,BUY,KRW-DOGE,330.0,0.11,KRW
2025-05-14 10:56:56,BUY,KRW-DOGE,329.0,0.12,KRW
2025-05-14 11:06:08,BUY,KRW-DOGE,330.0,0.11,KRW
2025-05-14 11:45:16,SELL,KRW-DOGE,335.0,4.92,KRW
2025-05-14 12:51:14,BUY,KRW-DOGE,331.0,0.1,KRW
2025-05-14 13:36:08,SELL,KRW-DOGE,334.0,4.83,KRW
2025-05-14 13:51:15,BUY,KRW-DOGE,327.0,0.14,KRW
2025-05-14 14:30:17,BUY,KRW-DOGE,326.0,0.15,KRW
2025-05-14 15:06:14,BUY,KRW-DOGE,324.0,0.17,KRW
2025-05-14 17:14:34,BUY,KRW-DOGE,324.0,0.18,KRW
2025-05-14 17:26:37,BUY,KRW-DOGE,322.0,0.19,KRW
2025-05-14 20:03:42,BUY,KRW-DOGE,330.0,0.11,KRW
2025-05-14 20:14:30,BUY,KRW-DOGE,330.0,0.11,KRW
2025-05-14 20:20:33,BUY,KRW-DOGE,329.0,0.12,KRW
2025-05-14 20:29:39,BUY,KRW-DOGE,329.0,0.12,KRW
2025-05-14 20:35:29,BUY,KRW-DOGE,328.0,0.14,KRW
2025-05-14 20:53:42,BUY,KRW-DOGE,330.0,0.11,KRW
2025-05-14 21:05:33,BUY,KRW-DOGE,328.0,0.14,KRW
2025-05-14 21:33:11,BUY,KRW-DOGE,327.0,0.14,KRW
2025-05-14 22:03:29,BUY,KRW-DOGE,330.0,0.11,KRW
2025-05-14 22:11:31,BUY,KRW-DOGE,329.0,0.12,KRW
2025-05-14 22:29:31,BUY,KRW-DOGE,328.0,0.14,KRW
2025-05-14 22:47:54,BUY,KRW-DOGE,327.0,0.14,KRW
2025-05-14 22:53:41,BUY,KRW-DOGE,327.0,0.14,KRW
2025-05-14 23:11:32,BUY,KRW-DOGE,327.0,0.14,KRW
2025-05-14 23:23:37,BUY,KRW-DOGE,326.0,0.15,KRW
2025-05-14 23:53:31,BUY,KRW-DOGE,327.0,0.14,KRW
2025-05-15 00:08:40,BUY,KRW-DOGE,328.0,0.13,KRW
2025-05-15 00:14:30,SELL,KRW-DOGE,330.0,4.23,KRW
2025-05-15 00:23:29,SELL,KRW-DOGE,332.0,4.43,KRW
2025-05-15 00:47:52,SELL,KRW-DOGE,332.0,4.43,KRW
2025-05-15 01:05:33,SELL,KRW-DOGE,332.0,4.33,KRW
2025-05-15 01:20:27,BUY,KRW-DOGE,329.0,0.12,KRW
2025-05-15 01:26:46,BUY,KRW-DOGE,329.0,0.12,KRW
2025-05-15 01:38:39,BUY,KRW-DOGE,326.0,0.15,KRW
2025-05-15 02:26:48,SELL,KRW-DOGE,328.0,3.92,KRW
2025-05-15 02:50:34,SELL,KRW-DOGE,330.0,4.12,KRW
2025-05-15 03:20:36,BUY,KRW-DOGE,328.0,0.13,KRW
2025-05-15 03:44:29,BUY,KRW-DOGE,328.0,0.13,KRW
2025-05-15 03:57:15,BUY,KRW-DOGE,325.0,0.16,KRW
2025-05-15 04:05:38,SELL,KRW-DOGE,329.0,4.03,KRW
2025-05-15 05:24:42,BUY,KRW-DOGE,325.0,0.17,KRW
2025-05-15 05:34:10,BUY,KRW-DOGE,326.0,0.15,KRW
2025-05-15 05:39:23,BUY,KRW-DOGE,325.0,0.17,KRW
2025-05-15 06:35:58,BUY,KRW-DOGE,321.0,0.21,KRW
2025-05-15 06:42:10,BUY,KRW-DOGE,321.0,0.21,KRW
2025-05-15 07:13:01,BUY,KRW-DOGE,319.0,0.23,KRW
2025-05-15 07:51:33,BUY,KRW-DOGE,315.0,0.26,KRW
2025-05-15 07:58:10,BUY,KRW-DOGE,317.0,0.25,KRW
2025-05-15 09:09:56,BUY,KRW-DOGE,321.0,0.21,KRW
2025-05-15 09:15:06,BUY,KRW-DOGE,321.0,0.21,KRW
2025-05-15 09:39:11,BUY,KRW-DOGE,319.0,0.23,KRW
2025-05-15 09:57:14,BUY,KRW-DOGE,319.0,0.23,KRW
2025-05-15 10:09:07,BUY,KRW-DOGE,317.0,0.25,KRW
2025-05-15 10:24:09,BUY,KRW-DOGE,317.0,0.25,KRW
2025-05-15 10:36:18,BUY,KRW-DOGE,316.0,0.26,KRW
2025-05-15 11:39:01,BUY,KRW-DOGE,319.0,0.23,KRW
2025-05-15 12:54:00,BUY,KRW-DOGE,321.0,0.21,KRW
2025-05-15 13:34:20,BUY,KRW-DOGE,321.0,0.21,KRW
2025-05-15 13:39:07,BUY,KRW-DOGE,318.0,0.24,KRW
2025-05-15 14:09:02,BUY,KRW-DOGE,314.0,0.27,KRW
2025-05-15 14:15:09,BUY,KRW-DOGE,313.0,0.28,KRW
2025-05-15 14:30:07,BUY,KRW-DOGE,312.0,0.3,KRW
2025-05-15 14:39:04,BUY,KRW-DOGE,310.0,0.32,KRW
2025-05-15 15:00:07,BUY,KRW-DOGE,309.0,0.33,KRW
2025-05-15 15:09:06,BUY,KRW-DOGE,311.0,0.3,KRW
2025-05-15 15:34:36,BUY,KRW-DOGE,315.0,0.27,KRW
2025-05-15 16:33:36,BUY,KRW-DOGE,315.0,0.27,KRW
2025-05-15 17:09:15,BUY,KRW-DOGE,319.0,0.23,KRW
2025-05-15 18:00:08,BUY,KRW-DOGE,320.0,0.22,KRW
2025-05-15 18:06:22,BUY,KRW-DOGE,318.0,0.24,KRW
2025-05-15 18:30:01,BUY,KRW-DOGE,316.0,0.26,KRW
2025-05-15 19:54:02,BUY,KRW-DOGE,314.0,0.27,KRW
2025-05-15 19:59:56,BUY,KRW-DOGE,314.0,0.27,KRW
2025-05-15 20:33:16,BUY,KRW-DOGE,315.0,0.26,KRW
2025-05-15 22:00:02,BUY,KRW-DOGE,311.0,0.3,KRW
2025-05-15 22:24:07,BUY,KRW-DOGE,312.0,0.29,KRW
2025-05-15 22:51:06,BUY,KRW-DOGE,312.0,0.29,KRW
2025-05-16 00:33:38,BUY,KRW-DOGE,313.0,0.28,KRW
2025-05-16 00:54:19,BUY,KRW-DOGE,311.0,0.3,KRW
2025-05-16 01:04:01,BUY,KRW-DOGE,311.0,0.3,KRW
2025-05-16 01:36:22,BUY,KRW-DOGE,312.0,0.3,KRW
2025-05-16 03:33:41,BUY,KRW-DOGE,320.0,0.21,KRW
2025-05-16 03:45:20,BUY,KRW-DOGE,318.0,0.23,KRW
2025-05-16 03:57:31,BUY,KRW-DOGE,318.0,0.23,KRW
2025-05-16 04:21:32,BUY,KRW-DOGE,317.0,0.25,KRW
2025-05-16 04:30:19,BUY,KRW-DOGE,317.0,0.25,KRW
2025-05-16 04:42:17,BUY,KRW-DOGE,316.0,0.26,KRW
2025-05-16 05:03:34,BUY,KRW-DOGE,319.0,0.23,KRW
2025-05-16 05:33:17,BUY,KRW-DOGE,319.0,0.23,KRW
2025-05-16 06:00:01,BUY,KRW-DOGE,318.0,0.24,KRW
2025-05-16 06:09:12,BUY,KRW-DOGE,318.0,0.24,KRW
2025-05-16 06:42:07,BUY,KRW-DOGE,318.0,0.24,KRW
2025-05-16 07:00:09,BUY,KRW-DOGE,318.0,0.24,KRW
2025-05-16 07:06:22,BUY,KRW-DOGE,318.0,0.24,KRW
2025-05-16 07:18:17,BUY,KRW-DOGE,317.0,0.25,KRW
2025-05-16 07:36:20,BUY,KRW-DOGE,318.0,0.24,KRW
2025-05-16 07:54:09,BUY,KRW-DOGE,318.0,0.24,KRW
2025-05-16 08:06:15,BUY,KRW-DOGE,317.0,0.25,KRW
2025-05-16 08:15:11,BUY,KRW-DOGE,317.0,0.25,KRW
2025-05-16 08:21:09,BUY,KRW-DOGE,317.0,0.25,KRW
2025-05-16 08:39:04,BUY,KRW-DOGE,314.0,0.28,KRW
2025-05-16 08:57:18,BUY,KRW-DOGE,315.0,0.27,KRW
2025-05-16 09:03:20,BUY,KRW-DOGE,316.0,0.26,KRW
2025-05-16 10:03:48,BUY,KRW-DOGE,322.0,0.19,KRW
2025-05-16 10:18:35,BUY,KRW-DOGE,322.0,0.19,KRW
2025-05-16 11:15:13,BUY,KRW-DOGE,323.0,0.18,KRW
2025-05-16 11:30:11,BUY,KRW-DOGE,320.0,0.22,KRW
2025-05-16 11:36:16,BUY,KRW-DOGE,320.0,0.22,KRW
2025-05-16 11:45:05,BUY,KRW-DOGE,319.0,0.23,KRW
2025-05-16 11:51:10,BUY,KRW-DOGE,321.0,0.21,KRW
2025-05-16 13:54:04,BUY,KRW-DOGE,321.0,0.21,KRW
2025-05-16 14:15:02,BUY,KRW-DOGE,320.0,0.22,KRW
2025-05-16 14:39:12,BUY,KRW-DOGE,320.0,0.22,KRW
2025-05-16 15:03:41,BUY,KRW-DOGE,321.0,0.21,KRW
2025-05-16 16:24:05,BUY,KRW-DOGE,320.0,0.22,KRW
2025-05-16 16:39:14,BUY,KRW-DOGE,319.0,0.23,KRW
2025-05-16 17:39:13,BUY,KRW-DOGE,318.0,0.24,KRW
2025-05-16 18:00:08,BUY,KRW-DOGE,318.0,0.24,KRW
2025-05-16 18:30:15,BUY,KRW-DOGE,318.0,0.24,KRW
2025-05-16 18:45:16,BUY,KRW-DOGE,317.0,0.25,KRW
2025-05-16 20:36:24,BUY,KRW-DOGE,316.0,0.26,KRW
2025-05-16 21:30:10,BUY,KRW-DOGE,317.0,0.25,KRW
2025-05-16 22:24:15,BUY,KRW-DOGE,314.0,0.28,KRW
2025-05-16 22:42:17,BUY,KRW-DOGE,313.0,0.29,KRW
2025-05-16 22:51:27,BUY,KRW-DOGE,312.0,0.3,KRW
2025-05-16 22:57:27,BUY,KRW-DOGE,312.0,0.3,KRW
2025-05-16 23:45:21,BUY,KRW-DOGE,314.0,0.27,KRW
2025-05-17 00:06:23,BUY,KRW-DOGE,312.0,0.3,KRW
2025-05-17 00:21:20,BUY,KRW-DOGE,312.0,0.3,KRW
2025-05-17 00:36:24,BUY,KRW-DOGE,311.0,0.3,KRW
2025-05-17 01:00:24,BUY,KRW-DOGE,311.0,0.3,KRW
2025-05-17 01:06:15,BUY,KRW-DOGE,308.0,0.34,KRW
2025-05-17 01:33:36,BUY,KRW-DOGE,307.0,0.34,KRW
2025-05-17 02:06:20,BUY,KRW-DOGE,305.0,0.36,KRW
2025-05-17 02:21:32,BUY,KRW-DOGE,305.0,0.36,KRW
2025-05-17 02:33:33,BUY,KRW-DOGE,309.0,0.32,KRW
2025-05-17 02:51:30,BUY,KRW-DOGE,308.0,0.33,KRW
2025-05-17 03:03:34,BUY,KRW-DOGE,308.0,0.33,KRW
2025-05-17 03:15:13,BUY,KRW-DOGE,308.0,0.33,KRW
2025-05-17 05:06:37,BUY,KRW-DOGE,310.0,0.32,KRW
2025-05-17 05:24:22,BUY,KRW-DOGE,308.0,0.34,KRW
2025-05-17 05:54:21,BUY,KRW-DOGE,307.0,0.35,KRW
2025-05-17 06:39:19,BUY,KRW-DOGE,307.0,0.35,KRW
2025-05-17 07:45:19,BUY,KRW-DOGE,307.0,0.35,KRW
2025-05-17 07:51:23,BUY,KRW-DOGE,307.0,0.35,KRW
2025-05-17 08:09:16,BUY,KRW-DOGE,307.0,0.35,KRW
2025-05-17 08:15:15,BUY,KRW-DOGE,307.0,0.35,KRW
2025-05-17 08:24:19,BUY,KRW-DOGE,306.0,0.36,KRW
2025-05-17 09:00:21,BUY,KRW-DOGE,306.0,0.36,KRW
2025-05-17 09:09:23,BUY,KRW-DOGE,305.0,0.37,KRW
2025-05-17 09:21:28,BUY,KRW-DOGE,305.0,0.37,KRW
2025-05-17 09:27:33,BUY,KRW-DOGE,304.0,0.38,KRW
2025-05-17 10:04:09,BUY,KRW-DOGE,306.0,0.36,KRW
2025-05-17 10:39:28,BUY,KRW-DOGE,306.0,0.36,KRW
2025-05-17 10:57:35,BUY,KRW-DOGE,306.0,0.36,KRW
2025-05-17 11:04:22,BUY,KRW-DOGE,307.0,0.35,KRW
2025-05-17 11:09:15,BUY,KRW-DOGE,306.0,0.36,KRW
2025-05-17 11:30:19,BUY,KRW-DOGE,305.0,0.37,KRW
2025-05-17 11:54:24,SELL,KRW-DOGE,308.0,0.12,KRW
2025-05-17 12:00:13,BUY,KRW-DOGE,306.0,0.36,KRW
2025-05-17 12:06:21,BUY,KRW-DOGE,305.0,0.37,KRW
2025-05-17 12:12:33,BUY,KRW-DOGE,306.0,0.36,KRW
2025-05-17 12:27:18,BUY,KRW-DOGE,305.0,0.37,KRW
2025-05-17 12:51:29,BUY,KRW-DOGE,305.0,0.37,KRW
2025-05-17 13:03:41,BUY,KRW-DOGE,304.0,0.38,KRW
2025-05-17 13:15:18,SELL,KRW-DOGE,307.0,0.12,KRW
2025-05-17 13:24:15,BUY,KRW-DOGE,305.0,0.37,KRW
2025-05-17 13:30:20,BUY,KRW-DOGE,305.0,0.37,KRW
2025-05-17 14:12:38,BUY,KRW-DOGE,303.0,0.39,KRW
2025-05-17 14:30:22,SELL,KRW-DOGE,307.0,0.12,KRW
2025-05-17 14:39:16,BUY,KRW-DOGE,305.0,0.36,KRW
2025-05-17 15:00:19,BUY,KRW-DOGE,307.0,0.34,KRW
2025-05-17 15:09:20,BUY,KRW-DOGE,306.0,0.35,KRW
2025-05-17 15:42:35,BUY,KRW-DOGE,307.0,0.34,KRW
2025-05-17 15:54:30,BUY,KRW-DOGE,306.0,0.35,KRW
2025-05-17 16:00:36,BUY,KRW-DOGE,305.0,0.37,KRW
2025-05-17 16:09:13,BUY,KRW-DOGE,305.0,0.37,KRW
2025-05-17 16:15:20,BUY,KRW-DOGE,306.0,0.35,KRW
2025-05-17 16:27:27,BUY,KRW-DOGE,304.0,0.38,KRW
2025-05-17 16:33:37,BUY,KRW-DOGE,303.0,0.39,KRW
2025-05-17 16:57:30,BUY,KRW-DOGE,303.0,0.38,KRW
2025-05-17 17:09:17,SELL,KRW-DOGE,306.0,0.12,KRW
2025-05-17 18:21:43,SELL,KRW-DOGE,307.0,0.23,KRW
2025-05-17 18:45:16,BUY,KRW-DOGE,305.0,0.36,KRW
2025-05-17 18:54:15,BUY,KRW-DOGE,304.0,0.37,KRW
2025-05-17 20:15:15,BUY,KRW-DOGE,303.0,0.39,KRW
2025-05-17 20:57:21,SELL,KRW-DOGE,309.0,0.43,KRW
2025-05-17 21:21:29,BUY,KRW-DOGE,306.0,0.35,KRW
2025-05-17 21:39:25,BUY,KRW-DOGE,307.0,0.34,KRW
2025-05-17 21:51:20,BUY,KRW-DOGE,307.0,0.34,KRW
2025-05-17 22:03:44,BUY,KRW-DOGE,308.0,0.33,KRW
2025-05-17 22:42:30,BUY,KRW-DOGE,304.0,0.37,KRW
2025-05-17 22:48:50,BUY,KRW-DOGE,304.0,0.38,KRW
2025-05-17 23:06:39,BUY,KRW-DOGE,304.0,0.38,KRW
2025-05-17 23:18:26,BUY,KRW-DOGE,304.0,0.37,KRW
2025-05-17 23:39:29,BUY,KRW-DOGE,305.0,0.36,KRW
2025-05-18 00:00:21,BUY,KRW-DOGE,305.0,0.36,KRW
2025-05-18 00:36:21,BUY,KRW-DOGE,305.0,0.37,KRW
2025-05-18 01:09:13,BUY,KRW-DOGE,306.0,0.36,KRW
2025-05-18 01:27:19,BUY,KRW-DOGE,307.0,0.35,KRW
2025-05-18 01:39:12,BUY,KRW-DOGE,306.0,0.36,KRW
2025-05-18 01:51:12,BUY,KRW-DOGE,306.0,0.36,KRW
2025-05-18 01:54:23,SELL,KRW-DOGE,308.0,0.33,KRW
2025-05-18 02:15:12,BUY,KRW-DOGE,307.0,0.35,KRW
2025-05-18 02:24:27,BUY,KRW-DOGE,307.0,0.35,KRW
2025-05-18 02:30:20,BUY,KRW-DOGE,307.0,0.35,KRW
2025-05-18 02:39:07,BUY,KRW-DOGE,306.0,0.36,KRW
2025-05-18 02:54:17,BUY,KRW-DOGE,307.0,0.35,KRW
2025-05-18 03:09:13,BUY,KRW-DOGE,306.0,0.36,KRW
2025-05-18 03:48:46,BUY,KRW-DOGE,307.0,0.34,KRW
2025-05-18 04:06:36,BUY,KRW-DOGE,307.0,0.35,KRW
2025-05-18 04:21:25,BUY,KRW-DOGE,308.0,0.34,KRW
2025-05-18 04:33:47,BUY,KRW-DOGE,307.0,0.35,KRW
2025-05-18 04:45:11,BUY,KRW-DOGE,307.0,0.35,KRW
2025-05-18 05:03:53,BUY,KRW-DOGE,308.0,0.34,KRW
2025-05-18 05:09:19,SELL,KRW-DOGE,310.0,0.53,KRW
2025-05-18 05:21:30,SELL,KRW-DOGE,311.0,0.62,KRW
2025-05-18 05:45:14,BUY,KRW-DOGE,310.0,0.32,KRW
2025-05-18 05:54:25,SELL,KRW-DOGE,313.0,0.83,KRW
2025-05-18 06:00:18,SELL,KRW-DOGE,314.0,0.92,KRW
2025-05-18 06:27:38,BUY,KRW-DOGE,312.0,0.3,KRW
2025-05-18 06:36:21,BUY,KRW-DOGE,311.0,0.3,KRW
2025-05-18 06:42:33,BUY,KRW-DOGE,311.0,0.3,KRW
2025-05-18 06:48:28,BUY,KRW-DOGE,311.0,0.3,KRW
2025-05-18 06:57:19,BUY,KRW-DOGE,311.0,0.3,KRW
2025-05-18 07:18:45,BUY,KRW-DOGE,313.0,0.29,KRW
2025-05-18 07:39:25,BUY,KRW-DOGE,312.0,0.3,KRW
2025-05-18 08:15:19,BUY,KRW-DOGE,315.0,0.27,KRW
2025-05-18 08:45:21,BUY,KRW-DOGE,316.0,0.26,KRW
2025-05-18 09:21:20,BUY,KRW-DOGE,317.0,0.25,KRW
2025-05-18 09:30:16,BUY,KRW-DOGE,316.0,0.26,KRW
2025-05-18 09:42:33,BUY,KRW-DOGE,315.0,0.27,KRW
2025-05-18 09:54:23,BUY,KRW-DOGE,315.0,0.27,KRW
2025-05-18 10:24:18,BUY,KRW-DOGE,315.0,0.27,KRW
2025-05-18 10:39:25,BUY,KRW-DOGE,314.0,0.28,KRW
2025-05-18 10:57:41,BUY,KRW-DOGE,315.0,0.27,KRW
2025-05-18 11:06:29,BUY,KRW-DOGE,315.0,0.27,KRW
2025-05-18 11:15:18,BUY,KRW-DOGE,315.0,0.27,KRW
2025-05-18 11:24:24,BUY,KRW-DOGE,316.0,0.26,KRW
2025-05-18 11:30:23,BUY,KRW-DOGE,315.0,0.27,KRW
2025-05-18 11:39:17,BUY,KRW-DOGE,316.0,0.26,KRW
2025-05-18 11:57:29,BUY,KRW-DOGE,315.0,0.27,KRW
2025-05-18 12:06:26,BUY,KRW-DOGE,315.0,0.27,KRW
2025-05-18 12:21:33,BUY,KRW-DOGE,315.0,0.27,KRW
2025-05-18 12:39:27,BUY,KRW-DOGE,315.0,0.27,KRW
2025-05-18 12:45:16,BUY,KRW-DOGE,315.0,0.27,KRW
2025-05-18 13:09:27,BUY,KRW-DOGE,316.0,0.26,KRW
2025-05-18 13:33:48,BUY,KRW-DOGE,317.0,0.25,KRW
2025-05-18 14:39:14,SELL,KRW-DOGE,324.0,1.93,KRW
2025-05-18 14:51:21,SELL,KRW-DOGE,326.0,2.12,KRW
2025-05-18 15:00:21,SELL,KRW-DOGE,326.0,2.12,KRW
2025-05-18 15:15:14,SELL,KRW-DOGE,327.0,2.23,KRW
2025-05-18 15:39:23,SELL,KRW-DOGE,330.0,2.53,KRW
2025-05-18 16:06:38,SELL,KRW-DOGE,334.0,2.93,KRW
2025-05-18 18:06:13,BUY,KRW-DOGE,325.0,0.17,KRW
2025-05-18 18:12:43,BUY,KRW-DOGE,323.0,0.18,KRW
2025-05-18 18:36:37,BUY,KRW-DOGE,325.0,0.17,KRW
2025-05-18 19:36:34,BUY,KRW-DOGE,319.0,0.23,KRW
2025-05-18 20:08:20,BUY,KRW-DOGE,313.0,0.28,KRW
2025-05-18 20:15:36,BUY,KRW-DOGE,312.0,0.29,KRW
2025-05-18 20:31:19,BUY,KRW-DOGE,314.0,0.28,KRW
2025-05-18 23:01:10,SELL,KRW-DOGE,324.0,1.93,KRW
2025-05-18 23:16:20,BUY,KRW-DOGE,322.0,0.19,KRW
2025-05-18 23:31:23,SELL,KRW-DOGE,325.0,2.02,KRW
2025-05-18 23:36:36,SELL,KRW-DOGE,325.0,2.02,KRW
2025-05-18 23:51:31,SELL,KRW-DOGE,327.0,2.23,KRW
2025-05-19 00:09:39,SELL,KRW-DOGE,332.0,2.73,KRW
2025-05-19 00:18:49,SELL,KRW-DOGE,328.0,2.33,KRW
2025-05-19 00:45:35,BUY,KRW-DOGE,321.0,0.2,KRW
2025-05-19 00:51:31,BUY,KRW-DOGE,321.0,0.2,KRW
2025-05-19 01:22:08,BUY,KRW-DOGE,319.0,0.22,KRW
2025-05-19 01:50:28,BUY,KRW-DOGE,319.0,0.22,KRW
2025-05-19 02:09:29,BUY,KRW-DOGE,319.0,0.22,KRW
2025-05-19 02:27:38,BUY,KRW-DOGE,318.0,0.23,KRW
2025-05-19 03:09:35,BUY,KRW-DOGE,315.0,0.26,KRW
2025-05-19 03:15:37,BUY,KRW-DOGE,314.0,0.27,KRW
2025-05-19 03:21:41,BUY,KRW-DOGE,314.0,0.27,KRW
2025-05-19 05:05:29,BUY,KRW-DOGE,309.0,0.32,KRW
2025-05-19 05:52:51,BUY,KRW-DOGE,310.0,0.32,KRW
2025-05-19 06:20:28,BUY,KRW-DOGE,311.0,0.3,KRW
2025-05-19 06:34:36,BUY,KRW-DOGE,309.0,0.32,KRW
2025-05-19 07:08:00,BUY,KRW-DOGE,308.0,0.34,KRW
2025-05-19 07:17:01,BUY,KRW-DOGE,309.0,0.33,KRW
2025-05-19 07:33:45,BUY,KRW-DOGE,310.0,0.32,KRW
2025-05-19 07:58:35,BUY,KRW-DOGE,309.0,0.33,KRW
2025-05-19 08:09:18,BUY,KRW-DOGE,308.0,0.34,KRW
2025-05-19 08:36:03,BUY,KRW-DOGE,307.0,0.35,KRW
2025-05-19 09:08:29,BUY,KRW-DOGE,308.0,0.34,KRW
2025-05-19 09:25:13,BUY,KRW-DOGE,309.0,0.33,KRW
2025-05-19 09:36:29,BUY,KRW-DOGE,309.0,0.33,KRW
2025-05-19 09:46:06,BUY,KRW-DOGE,310.0,0.32,KRW
2025-05-19 10:16:23,BUY,KRW-DOGE,307.0,0.35,KRW
2025-05-19 13:57:19,SELL,KRW-DOGE,312.0,0.73,KRW
2025-05-19 17:10:04,SELL,KRW-DOGE,319.0,1.43,KRW
2025-05-19 18:41:52,SELL,KRW-DOGE,316.0,1.12,KRW
2025-05-19 19:21:56,SELL,KRW-DOGE,316.0,1.12,KRW
2025-05-19 19:30:30,SELL,KRW-DOGE,315.0,1.03,KRW
2025-05-19 19:36:51,SELL,KRW-DOGE,318.0,1.32,KRW
2025-05-19 20:40:06,BUY,KRW-DOGE,317.0,0.25,KRW
2025-05-19 21:19:11,BUY,KRW-DOGE,316.0,0.26,KRW
2025-05-19 21:31:00,BUY,KRW-DOGE,314.0,0.28,KRW
2025-05-19 22:12:50,BUY,KRW-DOGE,314.0,0.28,KRW
2025-05-19 22:30:47,BUY,KRW-DOGE,313.0,0.29,KRW
2025-05-19 23:22:02,BUY,KRW-DOGE,314.0,0.28,KRW
2025-05-19 23:26:30,BUY,KRW-DOGE,314.0,0.28,KRW
2025-05-20 00:14:27,SELL,KRW-DOGE,319.0,1.43,KRW
2025-05-20 00:50:17,BUY,KRW-DOGE,316.0,0.26,KRW
2025-05-20 00:59:14,BUY,KRW-DOGE,315.0,0.27,KRW
2025-05-20 01:38:37,SELL,KRW-DOGE,321.0,1.62,KRW
2025-05-20 01:56:36,SELL,KRW-DOGE,322.0,1.73,KRW
2025-05-20 02:05:21,SELL,KRW-DOGE,322.0,1.73,KRW
2025-05-20 02:26:28,SELL,KRW-DOGE,324.0,1.93,KRW
2025-05-20 03:33:09,BUY,KRW-DOGE,318.0,0.24,KRW
2025-05-20 03:38:34,BUY,KRW-DOGE,317.0,0.25,KRW
2025-05-20 04:33:09,BUY,KRW-DOGE,316.0,0.26,KRW
2025-05-20 06:11:30,BUY,KRW-DOGE,317.0,0.25,KRW
2025-05-20 06:29:26,BUY,KRW-DOGE,316.0,0.26,KRW
2025-05-20 06:35:16,BUY,KRW-DOGE,315.0,0.27,KRW
2025-05-20 07:20:20,BUY,KRW-DOGE,316.0,0.26,KRW
2025-05-20 07:44:28,BUY,KRW-DOGE,315.0,0.27,KRW
2025-05-20 07:50:24,BUY,KRW-DOGE,314.0,0.28,KRW
2025-05-20 07:59:21,BUY,KRW-DOGE,314.0,0.28,KRW
2025-05-20 08:11:27,BUY,KRW-DOGE,314.0,0.28,KRW
2025-05-20 09:14:16,BUY,KRW-DOGE,314.0,0.28,KRW
2025-05-20 09:44:23,BUY,KRW-DOGE,313.0,0.29,KRW
2025-05-20 09:59:16,BUY,KRW-DOGE,313.0,0.29,KRW
2025-05-20 10:17:50,BUY,KRW-DOGE,312.0,0.3,KRW
2025-05-20 10:35:23,BUY,KRW-DOGE,311.0,0.3,KRW
2025-05-20 10:44:22,BUY,KRW-DOGE,311.0,0.3,KRW
2025-05-20 11:05:19,BUY,KRW-DOGE,311.0,0.3,KRW
2025-05-20 11:17:28,BUY,KRW-DOGE,310.0,0.32,KRW
2025-05-20 11:23:22,BUY,KRW-DOGE,310.0,0.32,KRW
2025-05-20 12:14:24,BUY,KRW-DOGE,311.0,0.3,KRW
2025-05-20 12:29:17,BUY,KRW-DOGE,310.0,0.32,KRW
2025-05-20 12:35:17,BUY,KRW-DOGE,310.0,0.32,KRW
2025-05-20 13:11:31,BUY,KRW-DOGE,310.0,0.32,KRW
2025-05-20 13:20:13,BUY,KRW-DOGE,310.0,0.32,KRW
2025-05-20 14:05:25,SELL,KRW-DOGE,311.0,0.62,KRW
2025-05-20 14:59:15,BUY,KRW-DOGE,310.0,0.32,KRW
2025-05-20 16:29:27,BUY,KRW-DOGE,310.0,0.32,KRW
2025-05-20 16:38:34,BUY,KRW-DOGE,312.0,0.3,KRW
2025-05-20 16:50:23,BUY,KRW-DOGE,311.0,0.3,KRW
2025-05-20 16:59:17,BUY,KRW-DOGE,310.0,0.32,KRW
2025-05-20 17:14:17,SELL,KRW-DOGE,314.0,0.92,KRW
2025-05-20 17:50:15,SELL,KRW-DOGE,315.0,1.03,KRW
2025-05-20 18:14:27,SELL,KRW-DOGE,316.0,1.12,KRW
2025-05-20 18:23:33,BUY,KRW-DOGE,312.0,0.3,KRW
2025-05-20 18:38:20,BUY,KRW-DOGE,312.0,0.3,KRW
2025-05-20 18:50:24,BUY,KRW-DOGE,309.0,0.33,KRW
2025-05-20 19:05:18,BUY,KRW-DOGE,309.0,0.33,KRW
2025-05-20 19:29:20,SELL,KRW-DOGE,314.0,0.92,KRW
2025-05-20 20:14:24,SELL,KRW-DOGE,318.0,1.32,KRW
2025-05-20 20:35:24,BUY,KRW-DOGE,316.0,0.25,KRW
2025-05-20 21:14:20,BUY,KRW-DOGE,318.0,0.22,KRW
2025-05-20 21:29:30,BUY,KRW-DOGE,318.0,0.22,KRW
2025-05-20 21:47:30,BUY,KRW-DOGE,319.0,0.21,KRW
2025-05-20 22:05:21,BUY,KRW-DOGE,318.0,0.23,KRW
2025-05-20 22:11:25,BUY,KRW-DOGE,318.0,0.22,KRW
2025-05-20 22:35:38,BUY,KRW-DOGE,316.0,0.25,KRW
2025-05-20 22:47:50,BUY,KRW-DOGE,318.0,0.22,KRW
2025-05-20 23:14:25,SELL,KRW-DOGE,320.0,1.52,KRW
2025-05-20 23:20:17,SELL,KRW-DOGE,321.0,1.62,KRW
2025-05-21 00:20:58,BUY,KRW-DOGE,318.0,0.19,KRW
2025-05-21 00:27:08,BUY,KRW-DOGE,317.0,0.21,KRW
2025-05-21 00:43:25,BUY,KRW-DOGE,317.0,0.2,KRW
2025-05-21 02:01:07,BUY,KRW-DOGE,317.0,0.21,KRW
2025-05-21 02:21:12,BUY,KRW-DOGE,317.0,0.21,KRW
2025-05-21 02:28:21,BUY,KRW-DOGE,318.0,0.19,KRW
2025-05-21 02:42:51,SELL,KRW-DOGE,321.0,1.62,KRW
2025-05-21 02:57:13,SELL,KRW-DOGE,322.0,1.73,KRW
2025-05-21 03:13:14,SELL,KRW-DOGE,323.0,1.83,KRW
2025-05-21 04:19:06,BUY,KRW-DOGE,322.0,0.04,KRW
2025-05-21 04:45:37,SELL,KRW-DOGE,324.0,1.93,KRW
2025-05-21 05:05:30,BUY,KRW-DOGE,323.0,0.03,KRW
2025-05-21 05:22:04,SELL,KRW-DOGE,326.0,2.12,KRW
2025-05-21 05:35:15,SELL,KRW-DOGE,327.0,2.23,KRW
2025-05-21 06:15:09,BUY,KRW-DOGE,323.0,0.03,KRW
2025-05-21 07:15:30,BUY,KRW-DOGE,322.0,0.04,KRW
2025-05-21 07:21:33,BUY,KRW-DOGE,322.0,0.04,KRW
2025-05-21 07:36:29,BUY,KRW-DOGE,321.0,0.04,KRW
2025-05-21 07:48:50,BUY,KRW-DOGE,319.0,0.06,KRW
2025-05-21 08:24:21,BUY,KRW-DOGE,318.0,0.07,KRW
2025-05-21 08:51:21,BUY,KRW-DOGE,318.0,0.07,KRW
2025-05-21 09:00:13,BUY,KRW-DOGE,317.0,0.08,KRW
2025-05-21 09:09:25,BUY,KRW-DOGE,316.0,0.09,KRW
2025-05-21 11:03:41,SELL,KRW-DOGE,317.0,1.22,KRW
2025-05-21 12:45:21,BUY,KRW-DOGE,317.0,0.09,KRW
2025-05-21 13:45:31,SELL,KRW-DOGE,319.0,1.43,KRW
2025-05-21 14:57:26,SELL,KRW-DOGE,323.0,1.83,KRW
2025-05-21 15:06:31,SELL,KRW-DOGE,326.0,2.12,KRW
2025-05-21 15:30:22,BUY,KRW-DOGE,323.0,0.03,KRW
2025-05-21 15:39:21,BUY,KRW-DOGE,321.0,0.05,KRW
2025-05-21 16:30:40,SELL,KRW-DOGE,325.0,2.02,KRW
2025-05-21 17:21:52,BUY,KRW-DOGE,318.0,0.07,KRW
2025-05-21 17:42:41,BUY,KRW-DOGE,315.0,0.1,KRW
2025-05-21 23:00:20,SELL,KRW-DOGE,324.0,1.93,KRW
2025-05-21 23:28:54,SELL,KRW-DOGE,327.0,2.23,KRW
2025-05-21 23:37:19,SELL,KRW-DOGE,328.0,2.33,KRW
2025-05-22 00:13:56,SELL,KRW-DOGE,329.0,2.43,KRW
2025-05-22 00:37:44,SELL,KRW-DOGE,331.0,2.63,KRW
2025-05-22 01:01:43,SELL,KRW-DOGE,332.0,2.63,KRW
2025-05-22 01:24:19,SELL,KRW-DOGE,335.0,2.83,KRW
2025-05-22 01:37:37,SELL,KRW-DOGE,337.0,2.73,KRW
2025-05-22 02:07:24,SELL,KRW-DOGE,336.0,2.63,KRW
2025-05-22 02:34:37,SELL,KRW-DOGE,336.0,2.63,KRW
2025-05-22 03:50:02,SELL,KRW-DOGE,337.0,2.73,KRW
2025-05-22 04:24:26,BUY,KRW-DOGE,333.0,0.01,KRW
2025-05-22 05:00:29,BUY,KRW-DOGE,334.0,0.01,KRW
2025-05-22 05:09:24,BUY,KRW-DOGE,334.0,0.01,KRW
2025-05-22 05:58:11,BUY,KRW-DOGE,332.0,0.03,KRW
2025-05-22 06:09:28,BUY,KRW-DOGE,332.0,0.03,KRW
2025-05-22 06:19:04,BUY,KRW-DOGE,331.0,0.04,KRW
2025-05-22 06:43:30,BUY,KRW-DOGE,330.0,0.05,KRW
2025-05-22 06:58:13,BUY,KRW-DOGE,331.0,0.04,KRW
2025-05-22 08:19:39,SELL,KRW-DOGE,338.0,2.83,KRW
2025-05-22 10:00:25,BUY,KRW-DOGE,334.0,0.02,KRW
2025-05-22 10:51:45,BUY,KRW-DOGE,333.0,0.03,KRW
2025-05-22 11:30:28,BUY,KRW-DOGE,332.0,0.04,KRW
2025-05-22 12:07:18,SELL,KRW-DOGE,335.0,2.53,KRW
2025-05-22 12:21:50,BUY,KRW-DOGE,332.0,0.04,KRW
2025-05-22 17:51:51,BUY,KRW-DOGE,334.0,0.02,KRW
2025-05-22 19:17:11,BUY,KRW-DOGE,334.0,0.02,KRW
2025-05-22 19:39:53,BUY,KRW-DOGE,333.0,0.03,KRW
2025-05-22 21:28:11,BUY,KRW-DOGE,331.0,0.05,KRW
2025-05-22 21:36:54,BUY,KRW-DOGE,331.0,0.05,KRW
2025-05-22 21:52:21,BUY,KRW-DOGE,332.0,0.04,KRW
2025-05-22 22:43:00,SELL,KRW-DOGE,337.0,2.73,KRW
2025-05-22 22:51:53,SELL,KRW-DOGE,336.0,2.63,KRW
2025-05-22 23:13:06,SELL,KRW-DOGE,337.0,2.73,KRW
2025-05-22 23:34:04,SELL,KRW-DOGE,340.0,3.03,KRW
2025-05-22 23:48:55,SELL,KRW-DOGE,340.0,3.03,KRW
2025-05-23 00:15:59,SELL,KRW-DOGE,342.0,3.23,KRW
2025-05-23 00:49:06,SELL,KRW-DOGE,341.0,3.12,KRW
2025-05-23 01:21:56,SELL,KRW-DOGE,343.0,3.33,KRW
2025-05-23 01:48:53,SELL,KRW-DOGE,344.0,3.43,KRW
2025-05-23 02:03:51,SELL,KRW-DOGE,344.0,3.43,KRW
2025-05-23 03:03:51,SELL,KRW-DOGE,348.0,3.82,KRW
2025-05-23 03:28:14,SELL,KRW-DOGE,347.0,3.73,KRW
2025-05-23 04:01:29,SELL,KRW-DOGE,347.0,3.73,KRW
2025-05-23 06:24:47,BUY,KRW-DOGE,339.0,0.01,KRW
2025-05-23 06:34:53,BUY,KRW-DOGE,339.0,0.01,KRW
2025-05-23 06:51:56,BUY,KRW-DOGE,337.0,0.03,KRW
2025-05-23 07:54:51,BUY,KRW-DOGE,337.0,0.03,KRW
2025-05-23 09:27:54,SELL,KRW-DOGE,343.0,3.33,KRW
2025-05-23 10:19:16,BUY,KRW-DOGE,340.0,0.01,KRW
2025-05-23 11:49:03,BUY,KRW-DOGE,333.0,0.07,KRW
2025-05-23 13:03:56,BUY,KRW-DOGE,322.0,0.18,KRW
2025-05-23 13:51:58,BUY,KRW-DOGE,328.0,0.12,KRW
2025-05-23 14:01:17,BUY,KRW-DOGE,330.0,0.1,KRW
2025-05-23 14:07:05,BUY,KRW-DOGE,329.0,0.11,KRW
2025-05-23 14:31:03,BUY,KRW-DOGE,328.0,0.12,KRW
2025-05-23 14:39:57,BUY,KRW-DOGE,329.0,0.11,KRW
2025-05-23 14:46:15,BUY,KRW-DOGE,330.0,0.1,KRW
2025-05-23 14:58:08,BUY,KRW-DOGE,330.0,0.1,KRW
2025-05-23 15:43:57,BUY,KRW-DOGE,328.0,0.12,KRW
2025-05-23 16:13:57,BUY,KRW-DOGE,326.0,0.14,KRW
2025-05-23 16:43:45,BUY,KRW-DOGE,325.0,0.15,KRW
2025-05-23 16:56:45,BUY,KRW-DOGE,326.0,0.14,KRW
2025-05-23 17:04:10,BUY,KRW-DOGE,326.0,0.14,KRW
2025-05-23 17:19:12,BUY,KRW-DOGE,328.0,0.12,KRW
2025-05-23 19:01:10,BUY,KRW-DOGE,324.0,0.17,KRW
2025-05-23 22:37:58,BUY,KRW-DOGE,322.0,0.18,KRW
2025-05-23 23:09:35,BUY,KRW-DOGE,319.0,0.22,KRW
2025-05-23 23:21:32,BUY,KRW-DOGE,318.0,0.23,KRW
2025-05-24 00:06:27,BUY,KRW-DOGE,314.0,0.26,KRW
2025-05-24 01:54:33,BUY,KRW-DOGE,317.0,0.24,KRW
2025-05-24 02:05:13,BUY,KRW-DOGE,316.0,0.25,KRW
2025-05-24 03:15:27,SELL,KRW-DOGE,321.0,0.53,KRW
2025-05-24 03:21:41,SELL,KRW-DOGE,321.0,0.53,KRW
2025-05-24 03:30:26,SELL,KRW-DOGE,321.0,0.53,KRW
2025-05-24 04:54:24,SELL,KRW-DOGE,322.0,0.62,KRW
2025-05-24 05:15:34,BUY,KRW-DOGE,319.0,0.22,KRW
2025-05-24 05:21:33,BUY,KRW-DOGE,319.0,0.22,KRW
2025-05-24 06:34:32,BUY,KRW-DOGE,318.0,0.23,KRW
2025-05-24 06:42:41,BUY,KRW-DOGE,317.0,0.24,KRW
2025-05-24 07:04:25,BUY,KRW-DOGE,319.0,0.22,KRW
2025-05-24 07:12:25,BUY,KRW-DOGE,319.0,0.22,KRW
2025-05-24 07:19:11,BUY,KRW-DOGE,318.0,0.23,KRW
2025-05-24 07:34:05,BUY,KRW-DOGE,318.0,0.23,KRW
2025-05-24 08:19:20,BUY,KRW-DOGE,317.0,0.24,KRW
2025-05-24 08:39:26,BUY,KRW-DOGE,316.0,0.25,KRW
2025-05-24 09:04:58,BUY,KRW-DOGE,320.0,0.21,KRW
2025-05-24 09:15:25,BUY,KRW-DOGE,318.0,0.23,KRW
2025-05-24 09:27:44,BUY,KRW-DOGE,320.0,0.21,KRW
2025-05-24 09:36:38,BUY,KRW-DOGE,319.0,0.22,KRW
2025-05-24 10:09:37,BUY,KRW-DOGE,318.0,0.23,KRW
2025-05-24 10:21:31,BUY,KRW-DOGE,319.0,0.22,KRW
2025-05-24 10:33:58,BUY,KRW-DOGE,320.0,0.21,KRW
2025-05-24 10:42:37,BUY,KRW-DOGE,321.0,0.19,KRW
2025-05-24 10:49:32,BUY,KRW-DOGE,320.0,0.21,KRW
2025-05-24 11:04:58,BUY,KRW-DOGE,321.0,0.19,KRW
2025-05-24 11:09:39,BUY,KRW-DOGE,320.0,0.21,KRW
2025-05-24 11:18:35,BUY,KRW-DOGE,321.0,0.19,KRW
2025-05-24 11:36:25,BUY,KRW-DOGE,321.0,0.19,KRW
2025-05-24 11:45:30,BUY,KRW-DOGE,319.0,0.22,KRW
2025-05-24 12:09:34,BUY,KRW-DOGE,319.0,0.22,KRW
2025-05-24 12:27:31,BUY,KRW-DOGE,320.0,0.21,KRW
2025-05-24 12:45:32,BUY,KRW-DOGE,318.0,0.23,KRW
2025-05-24 13:15:31,BUY,KRW-DOGE,318.0,0.23,KRW
2025-05-24 13:39:29,BUY,KRW-DOGE,318.0,0.23,KRW
2025-05-24 14:27:30,BUY,KRW-DOGE,317.0,0.24,KRW
2025-05-24 14:45:24,BUY,KRW-DOGE,317.0,0.24,KRW
2025-05-24 15:03:52,BUY,KRW-DOGE,319.0,0.22,KRW
2025-05-24 15:15:38,BUY,KRW-DOGE,318.0,0.23,KRW
2025-05-24 15:36:46,BUY,KRW-DOGE,318.0,0.23,KRW
2025-05-24 15:57:41,BUY,KRW-DOGE,317.0,0.24,KRW
2025-05-24 16:12:33,BUY,KRW-DOGE,316.0,0.25,KRW
2025-05-24 16:24:31,BUY,KRW-DOGE,316.0,0.25,KRW
2025-05-24 16:30:28,BUY,KRW-DOGE,316.0,0.25,KRW
2025-05-24 17:04:26,BUY,KRW-DOGE,318.0,0.23,KRW
2025-05-24 17:45:36,BUY,KRW-DOGE,317.0,0.24,KRW
2025-05-24 18:06:48,BUY,KRW-DOGE,318.0,0.23,KRW
2025-05-24 18:18:41,BUY,KRW-DOGE,318.0,0.23,KRW
2025-05-24 18:57:35,BUY,KRW-DOGE,316.0,0.25,KRW
2025-05-24 19:09:22,BUY,KRW-DOGE,316.0,0.25,KRW
2025-05-24 19:30:38,BUY,KRW-DOGE,316.0,0.25,KRW
2025-05-24 19:39:42,BUY,KRW-DOGE,316.0,0.25,KRW
2025-05-24 19:45:26,BUY,KRW-DOGE,316.0,0.25,KRW
2025-05-24 19:54:28,BUY,KRW-DOGE,316.0,0.25,KRW
2025-05-24 20:24:27,BUY,KRW-DOGE,317.0,0.24,KRW
2025-05-24 20:51:35,BUY,KRW-DOGE,317.0,0.24,KRW
2025-05-24 21:06:34,BUY,KRW-DOGE,317.0,0.24,KRW
2025-05-24 21:21:49,BUY,KRW-DOGE,316.0,0.25,KRW
2025-05-24 22:06:39,BUY,KRW-DOGE,316.0,0.25,KRW
2025-05-24 22:24:33,BUY,KRW-DOGE,316.0,0.25,KRW
2025-05-24 22:36:43,BUY,KRW-DOGE,315.0,0.26,KRW
2025-05-24 22:45:31,BUY,KRW-DOGE,315.0,0.26,KRW
2025-05-24 23:00:39,BUY,KRW-DOGE,315.0,0.26,KRW
2025-05-24 23:06:47,BUY,KRW-DOGE,313.0,0.28,KRW
2025-05-24 23:45:37,BUY,KRW-DOGE,315.0,0.26,KRW
2025-05-24 23:51:33,BUY,KRW-DOGE,314.0,0.27,KRW
2025-05-25 00:00:26,BUY,KRW-DOGE,314.0,0.27,KRW
2025-05-25 00:09:33,SELL,KRW-DOGE,317.0,0.12,KRW
2025-05-25 00:42:39,BUY,KRW-DOGE,314.0,0.27,KRW
2025-05-25 01:12:33,BUY,KRW-DOGE,310.0,0.3,KRW
2025-05-25 02:15:32,BUY,KRW-DOGE,310.0,0.3,KRW
2025-05-25 03:27:45,BUY,KRW-DOGE,312.0,0.29,KRW
2025-05-25 03:34:17,BUY,KRW-DOGE,313.0,0.28,KRW
2025-05-25 04:06:33,BUY,KRW-DOGE,312.0,0.29,KRW
2025-05-25 04:45:31,BUY,KRW-DOGE,312.0,0.29,KRW
2025-05-25 04:51:52,BUY,KRW-DOGE,313.0,0.28,KRW
2025-05-25 05:06:30,BUY,KRW-DOGE,313.0,0.28,KRW
2025-05-25 05:18:50,BUY,KRW-DOGE,313.0,0.28,KRW
2025-05-25 05:27:38,BUY,KRW-DOGE,313.0,0.28,KRW
2025-05-25 05:36:35,BUY,KRW-DOGE,313.0,0.28,KRW
2025-05-25 05:49:05,BUY,KRW-DOGE,311.0,0.3,KRW
2025-05-25 06:04:02,BUY,KRW-DOGE,313.0,0.28,KRW
2025-05-25 06:09:28,BUY,KRW-DOGE,312.0,0.29,KRW
2025-05-25 06:15:29,BUY,KRW-DOGE,311.0,0.3,KRW
2025-05-25 06:27:48,BUY,KRW-DOGE,311.0,0.3,KRW
2025-05-25 06:34:24,BUY,KRW-DOGE,311.0,0.3,KRW
2025-05-25 06:54:24,BUY,KRW-DOGE,311.0,0.3,KRW
2025-05-25 07:09:27,BUY,KRW-DOGE,310.0,0.3,KRW
2025-05-25 07:19:09,BUY,KRW-DOGE,310.0,0.3,KRW
2025-05-25 07:42:36,BUY,KRW-DOGE,309.0,0.32,KRW
2025-05-25 08:00:34,BUY,KRW-DOGE,309.0,0.32,KRW
2025-05-25 08:06:33,BUY,KRW-DOGE,309.0,0.32,KRW
2025-05-25 08:36:31,BUY,KRW-DOGE,308.0,0.33,KRW
2025-05-25 09:09:32,BUY,KRW-DOGE,306.0,0.35,KRW
2025-05-25 09:21:49,BUY,KRW-DOGE,306.0,0.35,KRW
2025-05-25 09:48:46,BUY,KRW-DOGE,307.0,0.34,KRW
2025-05-25 13:51:40,SELL,KRW-DOGE,309.0,0.12,KRW
2025-05-25 14:00:34,BUY,KRW-DOGE,307.0,0.34,KRW
2025-05-25 15:06:42,SELL,KRW-DOGE,307.0,0.12,KRW
2025-05-25 16:42:36,SELL,KRW-DOGE,307.0,0.12,KRW
2025-05-25 18:24:31,SELL,KRW-DOGE,308.0,0.23,KRW
2025-05-25 20:15:35,BUY,KRW-DOGE,306.0,0.35,KRW
2025-05-25 21:00:34,BUY,KRW-DOGE,307.0,0.34,KRW
2025-05-25 22:09:35,SELL,KRW-DOGE,310.0,0.43,KRW
2025-05-25 22:42:40,SELL,KRW-DOGE,313.0,0.73,KRW
2025-05-25 22:49:06,SELL,KRW-DOGE,313.0,0.73,KRW
2025-05-26 00:09:32,SELL,KRW-DOGE,315.0,0.92,KRW
2025-05-26 00:36:40,BUY,KRW-DOGE,312.0,0.29,KRW
2025-05-26 01:00:46,SELL,KRW-DOGE,317.0,1.12,KRW
2025-05-26 01:06:48,SELL,KRW-DOGE,317.0,1.12,KRW
2025-05-26 01:36:39,BUY,KRW-DOGE,315.0,0.26,KRW
2025-05-26 01:54:43,BUY,KRW-DOGE,315.0,0.26,KRW
2025-05-26 02:36:35,BUY,KRW-DOGE,314.0,0.27,KRW
2025-05-26 02:57:45,BUY,KRW-DOGE,314.0,0.27,KRW
2025-05-26 03:21:42,BUY,KRW-DOGE,313.0,0.28,KRW
2025-05-26 03:30:36,BUY,KRW-DOGE,314.0,0.27,KRW
2025-05-26 04:00:34,SELL,KRW-DOGE,316.0,1.03,KRW
2025-05-26 04:15:38,BUY,KRW-DOGE,315.0,0.26,KRW
2025-05-26 04:21:55,BUY,KRW-DOGE,315.0,0.26,KRW
2025-05-26 04:27:56,SELL,KRW-DOGE,317.0,1.12,KRW
2025-05-26 05:04:22,BUY,KRW-DOGE,315.0,0.26,KRW
2025-05-26 05:15:38,BUY,KRW-DOGE,315.0,0.26,KRW
2025-05-26 05:24:37,SELL,KRW-DOGE,316.0,1.03,KRW
2025-05-26 05:45:42,BUY,KRW-DOGE,315.0,0.26,KRW
2025-05-26 05:54:35,SELL,KRW-DOGE,316.0,1.03,KRW
2025-05-26 06:39:38,BUY,KRW-DOGE,315.0,0.26,KRW
2025-05-26 07:00:41,SELL,KRW-DOGE,317.0,1.12,KRW
2025-05-26 07:09:38,SELL,KRW-DOGE,319.0,1.32,KRW
2025-05-26 07:39:43,SELL,KRW-DOGE,319.0,1.32,KRW
2025-05-26 07:51:43,SELL,KRW-DOGE,319.0,1.32,KRW
2025-05-26 08:00:38,SELL,KRW-DOGE,319.0,1.32,KRW
2025-05-26 08:15:36,BUY,KRW-DOGE,317.0,0.24,KRW
2025-05-26 08:34:36,BUY,KRW-DOGE,316.0,0.25,KRW
2025-05-26 08:39:34,BUY,KRW-DOGE,315.0,0.26,KRW
2025-05-26 09:30:35,BUY,KRW-DOGE,315.0,0.26,KRW
2025-05-26 09:39:38,BUY,KRW-DOGE,315.0,0.26,KRW
2025-05-26 10:09:47,BUY,KRW-DOGE,314.0,0.27,KRW
2025-05-26 10:15:44,BUY,KRW-DOGE,314.0,0.27,KRW
2025-05-26 10:54:44,BUY,KRW-DOGE,313.0,0.28,KRW
2025-05-26 11:39:42,BUY,KRW-DOGE,313.0,0.28,KRW
2025-05-26 11:54:34,BUY,KRW-DOGE,314.0,0.27,KRW
2025-05-26 12:01:05,BUY,KRW-DOGE,313.0,0.28,KRW
2025-05-26 12:24:40,BUY,KRW-DOGE,313.0,0.28,KRW
2025-05-26 12:39:35,BUY,KRW-DOGE,313.0,0.28,KRW
2025-05-26 13:12:52,BUY,KRW-DOGE,314.0,0.27,KRW
2025-05-26 13:24:39,BUY,KRW-DOGE,313.0,0.28,KRW
2025-05-26 13:54:44,BUY,KRW-DOGE,313.0,0.28,KRW
2025-05-26 14:24:45,BUY,KRW-DOGE,311.0,0.3,KRW
2025-05-26 14:51:42,BUY,KRW-DOGE,310.0,0.3,KRW
2025-05-26 15:39:35,SELL,KRW-DOGE,316.0,1.03,KRW
2025-05-26 16:15:41,BUY,KRW-DOGE,314.0,0.27,KRW
2025-05-26 16:24:38,BUY,KRW-DOGE,311.0,0.3,KRW
2025-05-26 16:36:52,BUY,KRW-DOGE,311.0,0.3,KRW
2025-05-26 16:48:43,BUY,KRW-DOGE,312.0,0.29,KRW
2025-05-26 16:54:40,BUY,KRW-DOGE,311.0,0.3,KRW
2025-05-26 17:39:35,BUY,KRW-DOGE,310.0,0.3,KRW
2025-05-26 18:00:44,BUY,KRW-DOGE,310.0,0.3,KRW
2025-05-26 20:36:51,SELL,KRW-DOGE,314.0,0.83,KRW
2025-05-26 21:09:37,SELL,KRW-DOGE,315.0,0.92,KRW
2025-05-27 00:13:03,BUY,KRW-DOGE,314.0,0.27,KRW
2025-05-27 00:24:47,BUY,KRW-DOGE,314.0,0.27,KRW
2025-05-27 00:39:43,BUY,KRW-DOGE,312.0,0.29,KRW
2025-05-27 00:54:48,BUY,KRW-DOGE,311.0,0.3,KRW
2025-05-27 01:09:48,BUY,KRW-DOGE,309.0,0.32,KRW
2025-05-27 02:16:01,SELL,KRW-DOGE,311.0,0.53,KRW
2025-05-27 02:36:57,BUY,KRW-DOGE,311.0,0.3,KRW
2025-05-27 03:33:59,SELL,KRW-DOGE,313.0,0.73,KRW
2025-05-27 05:15:47,BUY,KRW-DOGE,309.0,0.31,KRW
2025-05-27 05:30:46,SELL,KRW-DOGE,310.0,0.43,KRW
2025-05-27 05:54:40,SELL,KRW-DOGE,312.0,0.62,KRW
2025-05-27 06:25:16,SELL,KRW-DOGE,313.0,0.73,KRW
2025-05-27 06:49:45,SELL,KRW-DOGE,314.0,0.83,KRW
2025-05-27 07:15:43,SELL,KRW-DOGE,314.0,0.83,KRW
2025-05-27 07:37:25,SELL,KRW-DOGE,315.0,0.92,KRW
2025-05-27 07:55:00,SELL,KRW-DOGE,317.0,1.12,KRW
2025-05-27 08:52:27,SELL,KRW-DOGE,317.0,1.12,KRW
2025-05-27 09:09:41,SELL,KRW-DOGE,317.0,1.12,KRW
2025-05-27 12:45:42,BUY,KRW-DOGE,316.0,0.25,KRW
2025-05-27 13:15:44,SELL,KRW-DOGE,319.0,1.32,KRW
